{
    "pools": [
        {
            "rolls": {
                "min": 32,
                "max": 64
            },
            "entries": [
                {
                    "type": "item",
                    "weight": 6000,
                    "name": "minecraft:arrow"
                },
                {
                    "type": "item",
                    "weight": 4000,
                    "name": "minecraft:spectral_arrow"
                }
              
            ]
        }
    ]
}