{
    "pools": [
        {
            "rolls": {
                "min": 4,
                "max": 8
            },
            "entries": [
                {
                    "type": "item",
                    "weight": 6000,
                    "name": "minecraft:arrow"
                },

                {
                    "type": "item",
                    "weight": 2,
                    "name": "minecraft:enchanted_golden_apple"
                },
                {
                    "type": "item",
                    "weight": 80,
                    "name": "minecraft:golden_apple"
                }
            ]
        }
    ]
}